Mentions,Name
533,Shadowsight
508,Rootspring
404,Bristlefrost
389,Ashfur
289,Squirrelflight
230,Bramblestar
181,Willowshine
179,Tree
165,Tigerstar
154,Mothwing
93,Snowtuft
87,Lionblaze
80,Graystripe
57,Jayfeather
35,Dovewing
35,Leafstar
34,Ivypool
28,Stemleaf
24,Darkstripe
22,Mistystar
21,Alderheart
21,Puddleshine
21,Harestar
21,Crowfeather
21,Breezepelt
21,Mapleshade
16,Sparkpelt
16,Tawnypelt
16,Kestrelflight
14,Icewing
12,Cloverfoot
11,Bumblestripe
9,Cinderheart
8,Spotfur
8,Silverhawk
7,Firestar
7,Hawkwing
7,Frecklewish
6,Twigbranch
6,Spiresight
6,Sandynose
5,Whitewing
5,Thriftear
5,Fernsong
5,Cloudtail
5,Berrynose
5,Macgyver
5,Violetshine
4,Birchfall
4,Rosepetal
4,Mintfur
4,Bellaleaf
3,Thornclaw
3,Mousewhisker
3,Molewhisker
3,Hollytuft
3,Finleap
3,Plumstone
3,Leafshade
3,Daisy
3,Leafpool
3,Harelight
3,Pouncestep
3,Lightleap
3,Fidgetflake
3,Harrybrook
3,Cherrytail
3,Rabbitleap
3,Crouchfoot
3,Songpaw
2,Poppyfrost
2,Lilyheart
2,Cherryfall
2,Stormcloud
2,Brightheart
2,Oakfur
2,Dewspring
2,Needleclaw
2,Plumwillow
2,Wrenpaw
2,Nectarsong
2,Hootwhisker
1,Baypaw
1,Flamepaw
1,Finchpaw
1,Blossomfall
1,Eaglewing
1,Myrtlepaw
1,Dewnose
1,Honeyfur
1,Sorrelstripe
1,Shellfur
1,Conefoot
1,Brackenfur
1,Stonewing
1,Scorchfur
1,Flaxfoot
1,Sparrowtail
1,Snowbird
1,Yarrowleaf
1,Berryheart
1,Grassheart
1,Whorlpelt
1,Hopwhisker
1,Blazefire
1,Cinnamontail
1,Flowerstem
1,Snaketooth
1,Slatefur
1,Gullswoop
1,Spireclaw
1,Hollowspring
1,Sunbeam
1,Sparrowpelt
1,Sagenose
1,Kitescratch
1,Cloudmist
1,Blossomheart
1,Turtlecrawl
1,Reedclaw
1,Nettlesplash
1,Tinycloud
1,Palesky
1,Quailfeather
1,Pigeonfoot
1,Fringewhisker
1,Gravelnose
1,Sunnypelt
1,Fallowfern
1,Nightcloud
1,Brindlewing
1,Appleshine
1,Leaftail
1,Woodsong
1,Emberfoot
1,Heathertail
1,Featherpelt
1,Larkwing
1,Sedgewhisker
1,Flutterpaw
1,Slightfoot
1,Oatclaw
1,Whistlepaw
1,Fernstripe
1,Whiskernose
1,Gorsetail
1,Reedwhisker
1,Duskfur
1,Minnowtail
1,Splashpaw
1,Mallownose
1,Havenpelt
1,Podlight
1,Shimmerpelt
1,Lizardtail
1,Fogpaw
1,Sneezecloud
1,Brackenpelt
1,Jayclaw
1,Owlnose
1,Gorseclaw
1,Nightsky
1,Breezeheart
1,Curlfeather
1,Mosspelt